{
    "annotations": {
        "list": [
            {
                "builtIn": 1,
                "datasource": "-- Grafana --",
                "enable": true,
                "hide": true,
                "iconColor": "rgba(0, 211, 255, 1)",
                "name": "Annotations & Alerts",
                "type": "dashboard"
            }
        ]
    },
    "editable": true,
    "gnetId": null,
    "graphTooltip": 0,
    "id": 1,
    "links": [],
    "panels": [
        {
            "aliasColors": {},
            "bars": false,
            "dashLength": 10,
            "dashes": false,
            "datasource": "Influx_SPRC_2023",
            "description": "",
            "fieldConfig": {
                "defaults": {
                    "custom": {
                        "align": null,
                        "filterable": false
                    },
                    "mappings": [],
                    "thresholds": {
                        "mode": "absolute",
                        "steps": [
                            {
                                "color": "green",
                                "value": null
                            },
                            {
                                "color": "red",
                                "value": 80
                            }
                        ]
                    }
                },
                "overrides": []
            },
            "fill": 1,
            "fillGradient": 0,
            "gridPos": {
                "h": 12,
                "w": 19,
                "x": 2,
                "y": 0
            },
            "hiddenSeries": false,
            "id": 2,
            "legend": {
                "avg": false,
                "current": false,
                "max": false,
                "min": false,
                "show": true,
                "total": false,
                "values": false
            },
            "lines": true,
            "linewidth": 1,
            "nullPointMode": "null",
            "options": {
                "alertThreshold": true
            },
            "percentage": false,
            "pluginVersion": "7.3.6",
            "pointradius": 2,
            "points": false,
            "renderer": "flot",
            "seriesOverrides": [],
            "spaceLength": 10,
            "stack": false,
            "steppedLine": false,
            "targets": [
                {
                    "alias": "$tag_station",
                    "groupBy": [
                        {
                            "params": [
                                "1s"
                            ],
                            "type": "time"
                        },
                        {
                            "params": [
                                "station"
                            ],
                            "type": "tag"
                        },
                        {
                            "params": [
                                "previous"
                            ],
                            "type": "fill"
                        }
                    ],
                    "measurement": "/.*\\.BAT/",
                    "orderByTime": "ASC",
                    "policy": "autogen",
                    "query": "SELECT mean(\"BAT\") FROM \"IoT_Devices\" WHERE $timeFilter GROUP BY time(1s), \"station\" fill(previous)",
                    "rawQuery": false,
                    "refId": "A",
                    "resultFormat": "time_series",
                    "select": [
                        [
                            {
                                "params": [
                                    "value"
                                ],
                                "type": "field"
                            },
                            {
                                "params": [],
                                "type": "mean"
                            }
                        ]
                    ],
                    "tags": []
                }
            ],
            "thresholds": [],
            "timeFrom": null,
            "timeRegions": [],
            "timeShift": null,
            "title": "Evolutia Incarcarii Bateriilor",
            "tooltip": {
                "shared": true,
                "sort": 0,
                "value_type": "individual"
            },
            "transformations": [],
            "type": "graph",
            "xaxis": {
                "buckets": null,
                "mode": "time",
                "name": null,
                "show": true,
                "values": []
            },
            "yaxes": [
                {
                    "decimals": null,
                    "format": "short",
                    "label": "Battery Level",
                    "logBase": 1,
                    "max": "100",
                    "min": "0",
                    "show": true
                },
                {
                    "format": "short",
                    "label": null,
                    "logBase": 1,
                    "max": null,
                    "min": null,
                    "show": false
                }
            ],
            "yaxis": {
                "align": false,
                "alignLevel": null
            }
        },
        {
            "datasource": "Influx_SPRC_2023",
            "description": "",
            "fieldConfig": {
                "defaults": {
                    "custom": {
                        "align": "left",
                        "filterable": false
                    },
                    "decimals": 2,
                    "mappings": [],
                    "thresholds": {
                        "mode": "absolute",
                        "steps": [
                            {
                                "color": "green",
                                "value": null
                            },
                            {
                                "color": "red",
                                "value": 80
                            }
                        ]
                    }
                },
                "overrides": []
            },
            "gridPos": {
                "h": 7,
                "w": 19,
                "x": 2,
                "y": 12
            },
            "id": 4,
            "interval": "",
            "options": {
                "showHeader": true,
                "sortBy": []
            },
            "pluginVersion": "7.3.6",
            "targets": [
                {
                    "groupBy": [
                        {
                            "params": [
                                "station"
                            ],
                            "type": "tag"
                        }
                    ],
                    "measurement": "/.*\\.BAT/",
                    "orderByTime": "ASC",
                    "policy": "autogen",
                    "query": "SELECT min(\"BAT\") AS \"Min\",  mean(\"BAT\") AS \"Avg\", max(\"BAT\") AS \"Max\", last(\"BAT\") AS \"Current\" FROM \"IoT_Devices\" WHERE $timeFilter GROUP BY \"station\"",
                    "rawQuery": false,
                    "refId": "A",
                    "resultFormat": "table",
                    "select": [
                        [
                            {
                                "params": [
                                    "value"
                                ],
                                "type": "field"
                            },
                            {
                                "params": [],
                                "type": "last"
                            },
                            {
                                "params": [
                                    "Current"
                                ],
                                "type": "alias"
                            }
                        ],
                        [
                            {
                                "params": [
                                    "value"
                                ],
                                "type": "field"
                            },
                            {
                                "params": [],
                                "type": "min"
                            },
                            {
                                "params": [
                                    "Min"
                                ],
                                "type": "alias"
                            }
                        ],
                        [
                            {
                                "params": [
                                    "value"
                                ],
                                "type": "field"
                            },
                            {
                                "params": [],
                                "type": "max"
                            },
                            {
                                "params": [
                                    "Max"
                                ],
                                "type": "alias"
                            }
                        ],
                        [
                            {
                                "params": [
                                    "value"
                                ],
                                "type": "field"
                            },
                            {
                                "params": [],
                                "type": "mean"
                            },
                            {
                                "params": [
                                    "Avg"
                                ],
                                "type": "alias"
                            }
                        ]
                    ],
                    "tags": []
                }
            ],
            "timeFrom": null,
            "timeShift": null,
            "title": "Statistic Aggregation",
            "transformations": [
                {
                    "id": "filterFieldsByName",
                    "options": {
                        "include": {
                            "names": [
                                "station",
                                "Current",
                                "Min",
                                "Max",
                                "Avg"
                            ]
                        }
                    }
                },
                {
                    "id": "organize",
                    "options": {
                        "excludeByName": {},
                        "indexByName": {},
                        "renameByName": {
                            "station": "Metric"
                        }
                    }
                }
            ],
            "type": "table"
        }
    ],
    "refresh": "30m",
    "schemaVersion": 26,
    "style": "dark",
    "tags": [],
    "templating": {
        "list": []
    },
    "time": {
        "from": "now-48h",
        "to": "now"
    },
    "timepicker": {},
    "timezone": "",
    "title": "Battery Dashboard",
    "uid": "qntumAlkg_2023",
    "version": 1
}