{
    "annotations": {
        "list": [
            {
                "builtIn": 1,
                "datasource": "-- Grafana --",
                "enable": true,
                "hide": true,
                "iconColor": "rgba(0, 211, 255, 1)",
                "name": "Annotations & Alerts",
                "type": "dashboard"
            }
        ]
    },
    "editable": true,
    "gnetId": null,
    "graphTooltip": 0,
    "links": [],
    "panels": [
        {
            "aliasColors": {},
            "bars": false,
            "dashLength": 10,
            "dashes": false,
            "datasource": "Influx_SPRC_2023",
            "fieldConfig": {
                "defaults": {
                    "custom": {
                        "align": null,
                        "filterable": false
                    },
                    "decimals": 2,
                    "mappings": [],
                    "noValue": "-",
                    "thresholds": {
                        "mode": "absolute",
                        "steps": [
                            {
                                "color": "green",
                                "value": null
                            },
                            {
                                "color": "red",
                                "value": 80
                            }
                        ]
                    }
                },
                "overrides": []
            },
            "fill": 1,
            "fillGradient": 0,
            "gridPos": {
                "h": 13,
                "w": 20,
                "x": 2,
                "y": 0
            },
            "hiddenSeries": false,
            "id": 2,
            "legend": {
                "avg": false,
                "current": false,
                "max": false,
                "min": false,
                "show": true,
                "total": false,
                "values": false
            },
            "lines": true,
            "linewidth": 1,
            "nullPointMode": "null",
            "options": {
                "alertThreshold": true
            },
            "percentage": false,
            "pluginVersion": "7.3.6",
            "pointradius": 2,
            "points": false,
            "renderer": "flot",
            "seriesOverrides": [],
            "spaceLength": 10,
            "stack": false,
            "steppedLine": false,
            "targets": [
                {
                    "alias": "$0.$1",
                    "groupBy": [
                        {
                            "params": [
                                "1s"
                            ],
                            "type": "time"
                        },
                        {
                            "params": [
                                "previous"
                            ],
                            "type": "fill"
                        }
                    ],
                    "measurement": "/.*/",
                    "orderByTime": "ASC",
                    "policy": "autogen",
                    "query": "SELECT mean(*) AS \".\" FROM \"IoT_Devices\" WHERE $timeFilter AND (\"location\" = 'UPB') GROUP BY time(1s), \"station\" fill(previous)",
                    "rawQuery": false,
                    "refId": "A",
                    "resultFormat": "time_series",
                    "select": [
                        [
                            {
                                "params": [
                                    "*"
                                ],
                                "type": "field"
                            },
                            {
                                "params": [],
                                "type": "mean"
                            }
                        ]
                    ],
                    "tags": [
                        {
                            "key": "location",
                            "operator": "=",
                            "value": "UPB"
                        }
                    ]
                }
            ],
            "thresholds": [],
            "timeFrom": null,
            "timeRegions": [],
            "timeShift": null,
            "title": "Grafic Date",
            "tooltip": {
                "shared": true,
                "sort": 0,
                "value_type": "individual"
            },
            "type": "graph",
            "xaxis": {
                "buckets": null,
                "mode": "time",
                "name": null,
                "show": true,
                "values": []
            },
            "yaxes": [
                {
                    "format": "short",
                    "label": null,
                    "logBase": 1,
                    "max": null,
                    "min": null,
                    "show": true
                },
                {
                    "format": "short",
                    "label": null,
                    "logBase": 1,
                    "max": null,
                    "min": null,
                    "show": true
                }
            ],
            "yaxis": {
                "align": false,
                "alignLevel": null
            }
        },
        {
            "datasource": "Influx_SPRC_2023",
            "fieldConfig": {
                "defaults": {
                    "custom": {
                        "align": null,
                        "filterable": false
                    },
                    "decimals": 2,
                    "mappings": [],
                    "noValue": "-",
                    "thresholds": {
                        "mode": "absolute",
                        "steps": [
                            {
                                "color": "green",
                                "value": null
                            },
                            {
                                "color": "red",
                                "value": 80
                            }
                        ]
                    }
                },
                "overrides": []
            },
            "gridPos": {
                "h": 12,
                "w": 20,
                "x": 2,
                "y": 13
            },
            "id": 4,
            "options": {
                "frameIndex": 0,
                "showHeader": true
            },
            "pluginVersion": "7.3.6",
            "targets": [
                {
                    "alias": "$0.$1",
                    "groupBy": [],
                    "measurement": "/.*/",
                    "orderByTime": "ASC",
                    "policy": "autogen",
                    "query": "SELECT \"value\" FROM \"IoT_Devices\" WHERE $timeFilter AND (\"location\" = 'UPB')",
                    "rawQuery": false,
                    "refId": "A",
                    "resultFormat": "time_series",
                    "select": [
                        [
                            {
                                "params": [
                                    "value"
                                ],
                                "type": "field"
                            }
                        ]
                    ],
                    "tags": [
                        {
                            "key": "location",
                            "operator": "=",
                            "value": "UPB"
                        }
                    ]
                }
            ],
            "timeFrom": null,
            "timeShift": null,
            "title": "Tabel",
            "transformations": [
                {
                    "id": "seriesToColumns",
                    "options": {
                        "byField": "Time"
                    }
                }
            ],
            "type": "table"
        }
    ],
    "refresh": "30s",
    "schemaVersion": 26,
    "style": "dark",
    "tags": [],
    "templating": {
        "list": []
    },
    "time": {
        "from": "now-6h",
        "to": "now"
    },
    "timepicker": {},
    "timezone": "",
    "title": "UPB IoT Data",
    "uid": "hUkfifju2023_1",
    "version": 1
}